Date,CPI,CPI_Food,Inflation_YoY,ExchangeRate_BDT_USD,Forex_Reserves_USDmn,BroadMoney_BDTmn,Brent_Oil_USD,Fed_Funds_Rate,Gold_Price_Index,FAO_Food_Index,FAO_Cereals_Index,COVID_dummy,UkraineWar_dummy,BD_Unrest_dummy
2000-01-01,53.5541,,,51.0,1568.5687,,25.6333,,,52.8,52.1,0,0,0
2000-02-01,53.2376,,,51.0,1614.5134,,28.0305,,,52.5,52.2,0,0,0
2000-03-01,53.3055,,,51.0,1586.2286,,27.4943,,,53.1,51.7,0,0,0
2000-04-01,53.3733,,,51.0,1641.8772,,23.1535,,,53.7,51.8,0,0,0
2000-05-01,53.3507,,,51.0,1415.7039,,27.8052,,,54.0,52.8,0,0,0
2000-06-01,53.4637,,,51.0,1598.2992,,30.4832,,,54.2,51.4,0,0,0
2000-07-01,53.5993,,,51.0,1466.2883,,28.8943,6.545,,54.4,49.8,0,0,0
2000-08-01,53.6898,,,52.7,1502.6233,,31.6291,6.497,,53.5,48.6,0,0,0
2000-09-01,53.8254,,,54.0,1385.3949,,33.3605,6.517,,52.9,49.4,0,0,0
2000-10-01,53.9836,,,54.0,1348.7343,,31.3027,6.509,,53.7,51.2,0,0,0
2000-11-01,54.6166,,,54.0,1314.6388,,32.8809,6.514,,54.2,52.1,0,0,0
2000-12-01,54.6166,,,54.0,1515.5944,,25.4757,6.402,10.3,54.8,53.7,0,0,0
2001-01-01,54.707,,,54.0,1466.0873,,25.79,5.976,10.5,54.1,53.9,0,0,0
2001-02-01,54.0515,,,54.0,1554.9464,,27.8965,5.494,10.3,54.6,53.0,0,0,0
2001-03-01,54.0967,,,54.0,1373.0881,,25.0345,5.311,10.1,55.5,52.2,0,0,0
2001-04-01,54.2323,,,54.0,1384.9297,,26.0181,4.802,10.2,55.0,51.0,0,0,0
2001-05-01,54.4358,,,54.68,1169.6477,,28.4383,4.212,10.1,55.8,51.7,0,0,0
2001-06-01,54.6166,,,57.0,1306.9129,,28.0038,3.97,10.5,55.2,51.0,0,0,0
2001-07-01,54.7749,,,57.0,1139.1326,,24.9914,3.769,10.2,56.9,51.7,0,0,0
2001-08-01,54.8879,,,57.0,1248.2328,,25.7361,3.653,10.2,57.0,51.6,0,0,0
2001-09-01,55.0235,,,57.0,1146.502,,25.837,3.069,10.4,55.8,51.2,0,0,0
2001-10-01,55.1592,,,57.0,1085.5802,,21.0326,2.485,10.8,54.5,51.0,0,0,0
2001-11-01,55.2948,,,57.0,1101.5891,,19.1055,2.087,10.8,55.1,51.9,0,0,0
2001-12-01,55.8148,,,57.0,1305.3961,1170191.0,18.6814,1.818,10.5,54.6,52.0,0,0,0
2002-01-01,55.9956,,,57.756,1161.7891,1156536.0,20.033,1.73,10.5,53.8,51.7,0,0,0
2002-02-01,55.6339,,,57.9,1291.1947,1170082.0,20.545,1.74,10.7,52.0,50.4,0,0,0
2002-03-01,55.7017,,,57.9,1329.1727,1173361.0,24.001,1.73,11.2,52.3,49.6,0,0,0
2002-04-01,55.8374,,,57.9,1477.8306,1183365.0,25.9455,1.753,11.2,51.4,49.3,0,0,0
2002-05-01,56.0408,,,57.9,1354.9749,1197556.0,25.5496,1.751,11.5,50.8,50.2,0,0,0
2002-06-01,55.9504,,,57.9,1582.7819,1238389.0,24.368,1.75,12.0,51.6,52.0,0,0,0
2002-07-01,56.6964,,,57.9,1626.4217,1249924.0,25.8578,1.729,12.3,52.3,54.6,0,0,0
2002-08-01,57.2389,,,57.9,1828.9627,1264094.0,26.62,1.743,12.0,53.7,58.1,0,0,0
2002-09-01,57.3068,,,57.9,1726.6694,1278583.0,28.371,1.751,11.8,55.1,63.8,0,0,0
2002-10-01,57.3972,,,57.9,1788.5542,1287332.0,27.5226,1.755,12.2,55.5,64.4,0,0,0
2002-11-01,57.5328,,,57.9,1509.8604,1301812.0,24.2505,1.336,12.1,56.6,63.0,0,0,0
2002-12-01,57.9397,,,57.9,1722.0732,1340142.0,28.3173,1.238,12.2,56.0,59.8,0,0,0
2003-01-01,57.6117,,,57.9,1613.0425,1336753.0,30.8087,1.235,12.7,56.2,58.0,0,0,0
2003-02-01,57.7899,,,57.9,1778.0873,1355500.0,32.6625,1.262,13.7,56.9,57.8,0,0,0
2003-03-01,57.8723,,,57.9,1773.0966,1349374.0,30.1681,1.253,13.8,55.9,56.5,0,0,0
2003-04-01,57.9659,,,57.9,1857.4424,1369593.0,25.035,1.258,12.9,55.9,56.4,0,0,0
2003-05-01,58.2132,,,57.9,1888.1897,1384133.0,25.7145,1.259,12.4,56.7,58.2,0,0,0
2003-06-01,58.4048,,,57.9,2469.8307,1432298.0,27.5667,1.223,13.5,56.4,57.7,0,0,0
2003-07-01,60.4826,,,58.1321,2361.5606,1435822.0,28.5039,1.011,13.5,57.1,56.5,0,0,0
2003-08-01,60.9722,,,58.4193,2548.1841,1449578.0,29.7181,1.029,13.3,57.8,59.9,0,0,0
2003-09-01,61.4056,,,58.4274,2497.9329,1479701.0,27.0441,1.01,13.6,59.0,60.5,0,0,0
2003-10-01,61.8432,,,58.4239,2590.2558,1481411.0,29.4357,1.01,14.4,60.6,60.6,0,0,0
2003-11-01,62.2722,,,58.4515,2438.168,1498604.0,28.9485,0.996,14.4,62.0,64.8,0,0,0
2003-12-01,62.5928,,,58.5463,2624.1816,1528795.0,29.7435,0.984,14.8,62.9,65.7,0,0,0
2004-01-01,62.7878,,,58.8967,2593.2682,1532561.0,30.9818,0.997,15.5,64.7,66.9,0,0,0
2004-02-01,62.8615,,,58.8835,2760.3996,1537608.0,30.795,1.007,15.6,65.5,67.5,0,0,0
2004-03-01,63.0175,,,59.0038,2653.7887,1547165.0,33.4243,1.002,15.3,67.1,68.5,0,0,0
2004-04-01,63.1302,,,59.0289,2747.771,1550106.0,33.3577,1.004,15.4,67.7,70.2,0,0,0
2004-05-01,63.3512,,,59.5642,2566.3657,1569447.0,37.589,1.005,15.2,66.8,68.8,0,0,0
2004-06-01,63.5548,,,60.3584,2705.1164,1628128.0,35.4377,1.026,14.6,66.4,66.4,0,0,0
2004-07-01,63.8971,,,59.749,2563.3126,1635995.0,38.2268,1.264,14.9,65.8,60.7,0,0,0
2004-08-01,64.3348,,,59.386,3132.5975,1652566.0,42.2241,1.429,15.1,64.8,59.1,0,0,0
2004-09-01,65.9164,,,59.4558,3075.2808,1672839.0,43.3159,1.605,15.2,65.4,60.0,0,0,0
2004-10-01,66.744,,,59.5533,3273.0308,1685647.0,49.7362,1.761,15.4,64.9,59.3,0,0,0
2004-11-01,66.2327,,,59.8017,3158.6697,1705397.0,43.7486,1.932,16.0,65.7,60.0,0,0,0
2004-12-01,66.0377,,,60.4706,3222.3731,1745161.0,39.9657,2.156,16.6,66.0,60.5,0,0,0
2005-01-01,66.2544,,,61.6536,3038.9649,1759401.0,44.1748,2.279,16.7,65.8,60.5,0,0,0
2005-02-01,66.8697,,,63.1172,3179.7279,1755553.0,45.721,2.502,16.1,66.2,60.3,0,0,0
2005-03-01,67.251,,,63.5512,3034.2009,1762644.0,53.2291,2.629,16.0,67.5,61.5,0,0,0
2005-04-01,67.3073,,,63.5195,3127.1737,1772016.0,52.6043,2.785,16.4,66.0,59.5,0,0,0
2005-05-01,67.7233,,,63.5462,3006.4249,1799690.0,49.2855,3.003,16.3,66.5,59.4,0,0,0
2005-06-01,68.226,,,63.7458,3023.3456,1875586.0,54.8391,3.036,16.0,67.4,60.2,0,0,0
2005-07-01,68.8066,,,64.1828,2839.6707,1877068.0,57.6257,3.263,16.3,67.7,61.2,0,0,0
2005-08-01,69.4393,,,65.3989,2869.6477,1898225.0,63.9504,3.5,16.1,67.6,60.9,0,0,0
2005-09-01,70.5399,,,65.6311,2761.316,1923040.0,63.2614,3.623,16.6,68.6,61.5,0,0,0
2005-10-01,71.6015,,,65.724,2796.1765,1961984.0,58.9086,3.779,17.3,69.5,62.1,0,0,0
2005-11-01,71.4975,,,65.795,2417.1286,1972199.0,55.4495,3.999,17.8,69.0,60.6,0,0,0
2005-12-01,70.7046,,,66.0644,2825.329,2021408.0,57.1568,4.157,18.1,69.8,61.5,0,0,0
2006-01-01,70.6179,,,66.3981,2824.0854,2039234.0,63.3118,4.285,19.3,69.8,62.7,0,0,0
2006-02-01,70.6916,,,67.1268,3029.8807,2056037.0,60.8055,4.491,20.7,70.8,64.8,0,0,0
2006-03-01,71.4022,,,70.267,2910.6785,2075813.0,62.747,4.589,20.9,69.8,63.9,0,0,0
2006-04-01,72.3252,,,70.2018,3140.0563,2094844.0,70.34,4.79,21.1,70.1,65.1,0,0,0
2006-05-01,72.8798,,,69.4692,3088.8536,2135395.0,70.51,4.94,23.2,71.3,67.8,0,0,0
2006-06-01,73.3695,,,69.7088,3484.1284,2208868.0,69.2327,4.991,25.4,71.4,67.8,0,0,0
2006-07-01,73.4648,,,69.6723,3245.3402,2224510.0,74.041,5.235,22.6,73.2,69.9,0,0,0
2006-08-01,74.0714,,,69.6603,3605.4357,2249430.0,73.5004,5.246,24.0,73.1,69.6,0,0,0
2006-09-01,75.3974,,,67.8488,3447.8076,2274347.0,62.5271,5.255,23.9,73.2,72.5,0,0,0
2006-10-01,76.836,,,67.1113,3543.7905,2327215.0,58.7582,5.245,22.5,75.1,79.9,0,0,0
2006-11-01,76.0517,,,70.2349,3534.1089,2339142.0,59.2227,5.246,22.2,77.7,85.3,0,0,0
2006-12-01,75.0421,,,69.4995,3876.9965,2430569.0,62.2605,5.238,23.7,78.8,85.4,0,0,0
2007-01-01,74.8124,,,69.7185,3739.8144,2414464.0,54.503,5.248,23.8,78.5,85.1,0,0,0
2007-02-01,75.8394,,,69.0116,4157.1377,2424910.0,57.9695,5.259,23.9,80.0,87.0,0,0,0
2007-03-01,76.706,,,68.9468,4199.8954,2445091.0,62.3573,5.257,25.0,81.1,86.4,0,0,0
2007-04-01,78.3136,,,68.9396,4537.9261,2460334.0,67.6905,5.25,24.7,83.9,85.1,0,0,0
2007-05-01,78.747,,,69.0914,4438.5577,2491315.0,67.7178,5.254,25.6,86.5,86.6,0,0,0
2007-06-01,80.1162,,,68.9337,5076.4137,2558216.0,70.619,5.254,25.2,91.4,91.9,0,0,0
2007-07-01,80.8832,,,68.6439,5042.0095,2554906.0,76.1332,5.258,24.7,95.5,94.9,0,0,0
2007-08-01,81.5679,,,68.5968,5225.3188,2574631.0,71.313,5.022,25.1,99.1,102.1,0,0,0
2007-09-01,82.6338,,,68.7042,5158.3832,2604037.0,76.772,4.938,25.2,105.3,117.2,0,0,0
2007-10-01,84.5621,,,68.7022,5410.7094,2633419.0,82.5074,4.755,27.1,107.9,121.3,0,0,0
2007-11-01,84.5794,,,68.6227,5032.7553,2660693.0,92.7314,4.487,28.7,110.8,121.0,0,0,0
2007-12-01,83.7388,,,68.5871,5278.0133,2759929.0,91.5195,4.245,30.3,114.7,132.2,0,0,0
2008-01-01,83.3661,,,68.5798,5088.4649,2729617.0,92.0917,3.94,30.4,120.4,141.0,0,0,0
2008-02-01,83.5481,,,68.5799,5680.3473,2760921.0,94.7224,2.981,33.7,128.4,160.8,0,0,0
2008-03-01,84.4234,,,68.5802,5306.5543,2786490.0,103.1619,2.61,34.9,132.4,163.3,0,0,0
2008-04-01,84.3108,,,68.6278,5772.3158,2819642.0,110.0332,2.278,36.2,130.7,162.7,0,0,0
2008-05-01,84.6054,,,68.5758,5336.3392,2877744.0,123.8623,1.978,34.2,130.3,157.4,0,0,0
2008-06-01,88.1586,,,68.5296,6149.2744,2960446.0,132.7605,2.001,33.5,132.7,160.3,0,0,0
2008-07-01,89.6362,,,68.5151,5820.5914,2989002.0,133.5852,2.01,33.6,130.2,148.2,0,0,0
2008-08-01,89.8139,,,68.5199,5966.2371,3020353.0,113.8005,1.996,35.4,121.2,136.5,0,0,0
2008-09-01,91.0575,,,68.5187,5863.1899,3150085.0,98.7555,1.812,31.6,112.8,125.3,0,0,0
2008-10-01,90.6979,,,68.5458,5551.1658,3119851.0,71.9635,0.969,31.5,97.8,104.9,0,0,0
2008-11-01,89.7576,,,68.7166,5244.8296,3168552.0,52.7135,0.388,30.3,89.7,96.0,0,0,0
2008-12-01,88.7869,,,68.8901,5788.6292,3213403.0,40.5117,0.155,28.6,86.3,95.1,0,0,0
2009-01-01,88.4143,,,68.939,5577.5311,3214950.0,43.1745,0.154,30.9,86.7,100.4,0,0,0
2009-02-01,88.4056,,,68.9082,5872.3878,3239405.0,42.9105,0.222,32.6,84.5,97.2,0,0,0
2009-03-01,88.6786,,,68.9835,5953.6294,3286431.0,46.5827,0.181,35.6,84.3,97.2,0,0,0
2009-04-01,88.8259,,,69.0197,6508.9666,3325811.0,50.5191,0.15,34.9,87.4,98.1,0,0,0
2009-05-01,89.1683,,,69.0268,6563.3881,3378333.0,57.5014,0.177,33.6,93.5,103.3,0,0,0
2009-06-01,90.1389,,,69.0455,7471.4247,3485772.0,68.58,0.206,35.1,93.4,103.0,0,0,0
2009-07-01,92.7345,,,69.06,7741.9129,3512284.0,64.9043,0.156,35.7,90.7,94.5,0,0,0
2009-08-01,94.0258,,,69.06,9157.0639,3575181.0,72.5919,0.16,35.3,93.5,91.9,0,0,0
2009-09-01,95.2434,,,69.06,9366.1788,3670358.0,67.5132,0.147,35.9,93.1,89.8,0,0,0
2009-10-01,96.786,,,69.1026,9546.5044,3689054.0,72.9686,0.118,37.6,94.8,93.8,0,0,0
2009-11-01,96.2574,,,69.0988,10336.7781,3802470.0,76.9367,0.119,39.4,98.9,98.0,0,0,0
2009-12-01,96.3397,,,69.1647,10343.2999,3864580.0,74.7896,0.118,42.4,100.8,99.0,0,0,0
2010-01-01,96.3613,,,69.2038,10098.3254,3875543.0,76.6024,0.11,42.7,101.8,98.4,0,0,0
2010-02-01,96.4133,,,69.2888,10555.4912,3951026.0,73.903,0.126,42.2,99.3,94.0,0,0,0
2010-03-01,96.461,,,69.2509,10141.9191,3990888.0,79.5191,0.165,41.3,96.5,91.8,0,0,0
2010-04-01,96.409,,,69.2559,10604.6403,4062592.0,85.1564,0.198,42.0,97.1,90.7,0,0,0
2010-05-01,96.8857,,,69.2961,10146.7129,4168230.0,76.1324,0.201,43.3,96.4,90.6,0,0,0
2010-06-01,97.9776,,,69.358,10750.3402,4288190.0,75.2464,0.177,45.5,95.9,87.8,0,0,0
2010-07-01,99.4709,46.8883,,69.4349,10751.4237,4308114.0,75.195,0.183,46.5,100.0,95.3,0,0,0
2010-08-01,101.3646,48.2306,,69.483,10993.0327,4399267.0,76.8918,0.189,45.0,107.8,112.9,0,0,0
2010-09-01,102.5507,49.0217,,69.7033,10835.8649,4462875.0,77.9382,0.195,45.9,114.1,125.9,0,0,0
2010-10-01,104.2547,50.206,,70.4887,11160.9727,4528926.0,83.3386,0.191,48.1,120.1,130.6,0,0,0
2010-11-01,104.9267,50.6372,,70.4016,10697.9707,4626139.0,85.8009,0.194,50.7,124.2,132.4,0,0,0
2010-12-01,106.9243,51.9302,,70.6265,11177.5259,4679581.0,91.96,0.183,51.7,129.4,139.7,0,0,0
2011-01-01,107.6059,52.2445,11.6692,71.0427,10380.9983,4710403.0,96.9524,0.168,52.5,133.8,144.9,0,0,0
2011-02-01,108.2806,52.5733,12.3088,71.1778,10839.6898,4763499.0,104.2385,0.157,51.2,137.7,151.4,0,0,0
2011-03-01,108.7208,52.8011,12.7096,71.9831,10243.3431,4867191.0,114.9174,0.139,51.8,134.3,145.5,0,0,0
2011-04-01,108.6684,52.6687,12.716,72.8494,10820.5606,4911341.0,123.3257,0.098,53.7,136.3,151.7,0,0,0
2011-05-01,107.9881,51.8818,11.4594,73.2237,10001.5792,4987256.0,114.9295,0.094,55.8,135.1,150.9,0,0,0
2011-06-01,109.0552,52.3792,11.3062,73.9166,10485.1893,5098450.0,114.3705,0.092,57.0,134.8,147.1,0,0,0
2011-07-01,111.2534,53.7883,11.8451,74.4848,10005.9009,5124150.0,117.4833,0.071,57.5,133.0,140.5,0,0,0
2011-08-01,113.5711,54.9236,12.0422,74.5227,10697.654,5238855.0,110.3548,0.096,59.6,132.7,144.9,0,0,0
2011-09-01,115.5332,56.3067,12.6596,74.6769,9730.3499,5239448.0,111.9627,0.084,66.4,130.1,140.5,0,0,0
2011-10-01,115.7115,56.2949,10.9893,75.741,9867.4821,5318650.0,110.4295,0.071,66.3,125.6,133.1,0,0,0
2011-11-01,115.288,55.7002,9.8748,76.5247,8788.4773,5351072.0,111.1586,0.081,62.9,125.9,130.9,0,0,0
2011-12-01,115.0656,55.1826,7.6141,79.6854,9192.0716,5471020.0,108.3477,0.072,65.7,121.9,124.4,0,0,0
2012-01-01,116.8379,55.8829,8.5795,83.4135,8982.8095,5450280.0,111.415,0.082,62.0,122.2,127.2,0,0,0
2012-02-01,115.7948,54.7405,6.9395,83.1101,9740.9602,5523291.0,119.1657,0.104,62.8,125.3,131.1,0,0,0
2012-03-01,116.0703,54.7222,6.76,81.8008,9311.0087,5620501.0,124.7032,0.127,65.7,125.7,130.6,0,0,0
2012-04-01,115.4465,54.146,6.2374,81.8299,10004.1968,5660498.0,120.47,0.139,63.1,124.4,129.1,0,0,0
2012-05-01,114.4745,53.282,6.0066,81.8571,9448.4467,5736097.0,110.8222,0.156,62.3,119.0,126.3,0,0,0
2012-06-01,115.1041,53.7218,5.5467,81.8766,10365.1505,5891446.0,95.889,0.162,59.9,115.8,125.3,0,0,0
2012-07-01,117.0442,54.9878,5.205,81.7739,10570.7277,5949443.0,102.9795,0.156,60.3,122.0,143.9,0,0,0
2012-08-01,119.2132,56.1597,4.9678,81.5459,11436.1671,6056813.0,113.7804,0.132,60.1,123.2,147.1,0,0,0
2012-09-01,121.263,57.2917,4.9594,81.7392,11228.3008,6088739.0,113.6415,0.144,61.5,125.1,146.8,0,0,0
2012-10-01,122.4923,57.7073,5.8601,81.3189,12317.6289,6238199.0,111.7926,0.158,66.0,124.0,146.5,0,0,0
2012-11-01,122.837,57.8957,6.5479,81.4847,11756.2962,6236751.0,109.9118,0.161,65.8,123.5,148.5,0,0,0
2012-12-01,123.2762,58.0959,7.1356,80.6013,12751.1071,6402257.0,109.569,0.165,64.8,122.8,146.4,0,0,0
2013-01-01,124.567,58.6907,6.6152,79.5316,13077.2606,6370137.0,112.5278,0.143,63.6,123.4,145.2,0,0,0
2013-02-01,124.8778,58.8162,7.8441,79.007,13849.045,6467227.0,116.488,0.145,63.0,123.3,142.3,0,0,0
2013-03-01,125.0265,58.8282,7.7162,78.5857,13971.6427,6549286.0,109.5857,0.144,61.4,122.9,139.9,0,0,0
2013-04-01,125.1076,58.8431,8.3685,78.0249,14906.501,6605987.0,102.96,0.145,60.1,122.9,134.9,0,0,0
2013-05-01,123.6073,57.6117,7.978,77.8339,14534.3014,6675583.0,102.9804,0.109,56.2,122.2,136.4,0,0,0
2013-06-01,124.371,58.1587,8.0508,77.7521,15318.3215,6794442.0,103.3585,0.094,53.5,120.9,133.8,0,0,0
2013-07-01,126.2294,59.4648,7.8476,77.7525,15533.4073,6893941.0,107.7796,0.093,50.6,118.0,126.4,0,0,0
2013-08-01,128.0202,60.7023,7.3876,77.7502,16249.8503,6971222.0,111.0582,0.083,48.7,116.2,119.2,0,0,0
2013-09-01,129.9124,61.8351,7.1328,77.7501,16156.0971,7046476.0,111.9629,0.08,51.0,116.4,116.7,0,0,0
2013-10-01,131.1085,62.5434,7.0341,77.7502,17342.9265,7189445.0,109.6187,0.087,50.8,118.7,118.7,0,0,0
2013-11-01,131.6154,62.8393,7.1464,77.7501,17106.4067,7221348.0,108.1505,0.084,49.7,118.6,118.0,0,0,0
2013-12-01,132.3317,63.3265,7.3457,77.7505,18092.0318,7353701.0,111.0705,0.085,48.2,118.2,117.9,0,0,0
2014-01-01,133.9063,63.8586,7.4974,77.7503,18116.5322,7391580.0,107.927,0.072,46.2,116.2,117.0,0,0,0
2014-02-01,134.1698,64.014,7.4409,77.7501,19152.8932,7489814.0,108.838,0.066,47.1,118.6,119.7,0,0,0
2014-03-01,134.3726,64.0977,7.4753,77.7094,19296.7506,7559734.0,107.8681,0.078,49.2,122.1,125.4,0,0,0
2014-04-01,134.4334,64.1126,7.4542,77.6623,20370.3224,7628554.0,108.0036,0.09,50.4,121.5,125.5,0,0,0
2014-05-01,132.8588,62.8483,7.4846,77.6404,20267.9577,7733263.0,109.8323,0.087,49.0,121.2,125.2,0,0,0
2014-06-01,133.0345,62.8124,6.9659,77.63,21508.8797,7945149.0,112.241,0.096,47.1,119.2,118.7,0,0,0
2014-07-01,135.1159,64.1844,7.04,77.5932,21641.038,8096317.0,107.4626,0.091,49.9,116.3,112.2,0,0,0
2014-08-01,136.8662,65.356,6.9098,77.4558,22329.6922,8112689.0,102.4019,0.088,49.1,112.8,110.4,0,0,0
2014-09-01,138.7989,66.5516,6.8404,77.4,21834.2763,8254414.0,97.8527,0.088,47.9,109.2,107.4,0,0,0
2014-10-01,139.7585,67.0209,6.5976,77.401,22305.7758,8232844.0,87.5848,0.089,45.8,109.3,108.2,0,0,0
2014-11-01,139.7923,66.8953,6.2128,77.8522,22318.3084,8307335.0,79.2295,0.092,43.7,108.1,109.3,0,0,0
2014-12-01,140.4141,67.0388,6.1076,77.8522,22310.7101,8502548.0,62.9039,0.123,45.3,105.2,110.9,0,0,0
2015-01-01,141.9954,67.7322,6.0409,77.8713,22041.7608,8500992.0,48.9332,0.115,45.8,101.0,105.9,0,0,0
2015-02-01,142.4144,67.9235,6.1449,77.8,23028.1098,8611453.0,58.254,0.111,47.7,98.7,101.6,0,0,0
2015-03-01,142.7996,68.1836,6.2714,77.8,23051.0815,8685182.0,56.5245,0.113,45.4,95.7,99.5,0,0,0
2015-04-01,142.9347,68.2643,6.3238,77.8,24078.7903,8738839.0,59.8264,0.125,45.7,94.6,98.2,0,0,0
2015-05-01,141.0831,66.7608,6.1902,77.8,23708.4713,8894148.0,65.1938,0.123,45.0,95.0,95.7,0,0,0
2015-06-01,141.3534,66.7818,6.2532,77.8,25026.045,9106464.0,62.62,0.129,44.8,94.6,96.7,0,0,0
2015-07-01,143.7051,68.0819,6.3569,77.8,25467.0428,9296804.0,56.8296,0.13,44.2,93.8,98.9,0,0,0
2015-08-01,145.3135,69.3164,6.1719,77.8,26173.3353,9338891.0,47.5338,0.138,41.3,89.5,91.9,0,0,0
2015-09-01,147.4625,70.494,6.2418,77.8001,26379.1524,9519671.0,48.0305,0.136,42.8,88.9,90.5,0,0,0
2015-10-01,148.4153,70.9693,6.1941,77.8143,27058.9891,9522813.0,48.9064,0.124,43.3,90.3,91.7,0,0,0
2015-11-01,148.2531,70.7212,6.0524,78.511,26407.3716,9600968.0,45.0952,0.118,42.1,87.7,90.5,0,0,0
2015-12-01,148.9762,70.7092,6.0978,78.7662,27493.0715,9769942.0,38.5252,0.241,40.3,87.0,89.4,0,0,0
2016-01-01,150.6116,70.6644,6.068,78.5001,27139.9278,9773835.0,32.0452,0.343,41.3,84.9,87.6,0,0,0
2016-02-01,150.4156,70.4821,5.6183,78.5516,28237.3616,9909529.0,33.7624,0.375,43.1,86.1,87.3,0,0,0
2016-03-01,150.8684,70.8347,5.6505,78.4134,28456.6386,10030624.0,39.7922,0.362,47.1,87.4,86.5,0,0,0
2016-04-01,150.9495,70.8826,5.6073,78.4,29303.5744,10155704.0,43.3305,0.365,46.6,89.1,88.4,0,0,0
2016-05-01,148.7735,69.3014,5.451,78.4,28988.0364,10334356.0,47.735,0.365,48.7,90.6,91.1,0,0,0
2016-06-01,149.1722,69.6033,5.5314,78.4,30355.7017,10763565.0,49.8773,0.378,46.1,93.8,94.1,0,0,0
2016-07-01,151.4631,71.044,5.3985,78.4,30225.9649,10766648.0,46.5986,0.392,51.3,93.0,90.4,0,0,0
2016-08-01,153.112,72.2993,5.3667,78.4,31350.4719,10903008.0,47.0522,0.397,51.2,95.3,89.3,0,0,0
2016-09-01,155.6124,74.0897,5.5268,78.4,31569.703,11029715.0,47.3768,0.396,50.6,96.1,86.3,0,0,0
2016-10-01,156.6801,74.9146,5.5687,78.4008,32081.4729,11093325.0,51.4138,0.396,48.3,95.9,86.7,0,0,0
2016-11-01,156.2274,74.547,5.3788,78.5472,31553.8797,11198306.0,46.9423,0.407,48.9,96.0,86.0,0,0,0
2016-12-01,156.4639,74.5111,5.0261,78.804,32278.8322,11395240.0,55.0227,0.54,44.2,95.3,86.1,0,0,0
2017-01-01,158.3628,75.2793,5.1465,78.8534,31910.5279,11428567.0,55.7109,0.65,44.1,97.8,88.7,0,0,0
2017-02-01,158.4034,75.3002,5.3105,79.236,32739.2166,11537971.0,56.096,0.657,45.7,98.1,90.0,0,0,0
2017-03-01,159.0048,75.7157,5.3931,79.5352,32392.104,11655634.0,52.6552,0.786,47.0,96.2,87.9,0,0,0
2017-04-01,159.2008,75.7994,5.4663,79.8322,32702.4762,11771180.0,53.978,0.896,47.4,95.0,86.9,0,0,0
2017-05-01,157.3424,74.4065,5.7597,80.4926,32434.7726,11897872.0,51.3743,0.907,47.1,97.3,88.3,0,0,0
2017-06-01,158.0385,74.828,5.9436,80.5874,33679.3654,12333580.0,47.6527,1.04,48.4,97.8,92.4,0,0,0
2017-07-01,159.8969,75.9787,5.5682,80.6263,33184.7782,12325517.0,49.2533,1.151,46.2,100.0,96.9,0,0,0
2017-08-01,162.1337,77.5927,5.8922,80.6939,33780.9641,12567038.0,51.9278,1.157,47.9,99.2,92.3,0,0,0
2017-09-01,165.1342,79.9181,6.1189,80.7377,33008.3754,12572762.0,55.5576,1.153,50.7,99.7,92.1,0,0,0
2017-10-01,166.1478,80.6205,6.0427,80.8217,33642.2469,12658508.0,57.5364,1.154,48.1,98.8,91.8,0,0,0
2017-11-01,165.4653,79.8344,5.9131,81.2842,32812.6002,12770194.0,62.8364,1.157,48.2,98.8,92.1,0,0,0
2017-12-01,165.5869,79.8225,5.8308,82.5499,33423.8028,12963004.0,64.0643,1.302,47.7,96.4,92.4,0,0,0
2018-01-01,167.6819,81.0151,5.8846,82.8168,32891.9122,12929256.0,68.8891,1.415,49.8,96.7,95.2,0,0,0
2018-02-01,167.4656,80.7759,5.721,82.92,33557.6492,12998736.0,65.6965,1.418,50.1,97.8,98.4,0,0,0
2018-03-01,168.0333,81.0808,5.6781,82.96,32594.4915,13082347.0,66.8918,1.506,50.1,98.8,101.8,0,0,0
2018-04-01,168.1684,81.1256,5.6329,82.9746,33094.54,13168061.0,71.9329,1.692,50.4,98.4,104.0,0,0,0
2018-05-01,166.1073,79.2875,5.5706,83.3846,32350.7676,13394200.0,76.9343,1.7,49.5,98.5,105.5,0,0,0
2018-06-01,166.7966,79.3054,5.5418,83.701,32943.4297,13735931.0,75.8029,1.82,49.0,96.8,100.8,0,0,0
2018-07-01,168.7091,80.6743,5.5112,83.7472,32107.1582,13747611.0,75.2291,1.91,47.4,95.0,98.7,0,0,0
2018-08-01,171.0202,82.2226,5.481,83.75,32927.8011,13968879.0,73.8513,1.915,46.1,95.8,103.5,0,0,0
2018-09-01,174.0815,84.2461,5.4182,83.75,31957.6824,13969633.0,79.163,1.955,45.3,94.0,100.3,0,0,0
2018-10-01,175.1155,84.7183,5.3974,83.8167,32077.879,14078987.0,80.7835,2.188,45.4,93.2,100.9,0,0,0
2018-11-01,174.3518,84.0488,5.3706,83.8735,31059.8237,14178164.0,66.2286,2.198,46.3,91.9,99.6,0,0,0
2018-12-01,174.4397,84.0488,5.3463,83.9,32019.2212,14456392.0,57.9481,2.274,46.9,92.0,101.1,0,0,0
2019-01-01,176.7711,85.3341,5.4205,83.94,31283.4087,14511381.0,59.9448,2.4,48.5,93.1,101.8,0,0,0
2019-02-01,176.6225,85.1727,5.4679,84.04,32240.9683,14627909.0,64.384,2.4,49.7,93.8,100.7,0,0,0
2019-03-01,177.3591,85.7167,5.55,84.21,31753.237,14750485.0,66.9419,2.405,48.8,93.0,97.5,0,0,0
2019-04-01,177.5483,85.621,5.5777,84.331,32126.3716,14812852.0,71.4759,2.424,48.9,93.5,94.6,0,0,0
2019-05-01,175.4534,83.6393,5.6265,84.4923,31344.0722,15175414.0,70.3891,2.391,48.5,94.2,94.4,0,0,0
2019-06-01,176.0008,83.5855,5.5182,84.5,32716.5188,15345241.0,63.2085,2.378,50.4,95.4,99.2,0,0,0
2019-07-01,178.197,85.0471,5.6239,84.5,32093.1648,15466158.0,64.3222,2.403,52.9,95.1,97.6,0,0,0
2019-08-01,180.4069,86.5595,5.4886,84.5,32773.1297,15653884.0,59.6182,2.126,56.2,93.8,92.6,0,0,0
2019-09-01,183.7452,88.7146,5.5512,84.5,31830.9034,15722030.0,62.431,2.043,58.0,93.2,91.8,0,0,0
2019-10-01,184.6913,89.3661,5.4683,84.75,32440.4629,15827654.0,59.6313,1.83,56.6,95.0,96.0,0,0,0
2019-11-01,184.894,89.4468,6.0465,84.781,31730.4772,15979259.0,62.6867,1.553,56.3,98.2,95.6,0,0,0
2019-12-01,184.4683,88.9776,5.749,84.898,32691.771,16179205.0,65.3482,1.551,55.8,100.8,97.4,0,0,0
2020-01-01,186.624,89.7009,5.5738,84.9,32383.1285,16224764.0,63.8987,1.551,58.0,102.5,100.7,0,0,0
2020-02-01,186.2659,89.408,5.4599,84.95,32993.817,16339625.0,55.691,1.583,59.4,99.6,99.6,0,0,0
2020-03-01,187.0768,89.8892,5.4791,84.95,32580.1343,16403483.0,33.9473,0.652,62.2,95.2,98.0,1,0,0
2020-04-01,188.131,90.6813,5.9605,84.95,33101.008,16549300.0,26.8486,0.049,61.0,92.4,99.6,1,0,0
2020-05-01,184.8467,87.8986,5.3538,84.95,33410.3943,16807963.0,32.4224,0.05,64.5,91.2,98.0,1,0,0
2020-06-01,186.597,89.0553,6.0206,84.9,36037.0238,17046673.0,40.8605,0.078,64.9,93.1,97.3,1,0,0
2020-07-01,188.0499,89.8922,5.5292,84.8137,37294.3285,17388780.0,43.2957,0.093,67.2,93.8,97.3,1,0,0
2020-08-01,190.645,91.8201,5.675,84.84,39039.7317,17516381.0,45.0814,0.095,76.4,95.7,99.2,1,0,0
2020-09-01,194.7064,94.4832,5.9654,84.802,39313.3467,17671070.0,41.9268,0.09,74.0,97.9,104.3,1,0,0
2020-10-01,196.5918,95.9268,6.4435,84.801,40990.5457,17844852.0,41.6068,0.09,72.1,101.3,112.1,1,0,0
2020-11-01,195.1051,94.5729,5.5227,84.8,41271.3553,18013975.0,44.05,0.086,72.6,105.5,114.8,1,0,0
2020-12-01,194.2266,93.73,5.29,84.8,43164.1897,18298162.0,50.377,0.09,68.8,108.5,116.4,1,0,0
2021-01-01,195.9971,94.3935,5.0225,84.8025,42860.6532,18278209.0,55.2248,0.085,72.8,113.5,125.0,1,0,0
2021-02-01,196.1796,94.256,5.3224,84.8007,44016.5132,18398517.0,62.3625,0.076,69.2,116.5,126.1,1,0,0
2021-03-01,197.3014,94.8449,5.4654,84.8,43441.061,18466426.0,65.7961,0.07,65.1,119.1,123.9,1,0,0
2021-04-01,198.5989,95.7296,5.5641,84.8,44951.598,18630924.0,65.5318,0.069,66.1,122.1,126.2,1,0,0
2021-05-01,194.5712,92.1817,5.2608,84.8,44961.6074,18917638.0,68.3752,0.058,68.5,128.4,133.7,1,0,0
2021-06-01,197.1257,93.9093,5.6425,84.8148,46391.4583,19292439.0,73.5127,0.078,71.7,125.4,130.3,1,0,0
2021-07-01,198.1326,94.4563,5.3617,84.8,45847.1399,19495200.0,74.4032,0.098,68.6,124.4,126.3,0,0,0
2021-08-01,201.2007,96.5545,5.5368,84.95,48063.0556,19517176.0,70.5882,0.092,68.5,128.0,130.4,0,0,0
2021-09-01,205.5865,99.406,5.5879,85.25,46191.2894,19608386.0,74.7495,0.079,68.7,129.1,132.8,0,0,0
2021-10-01,207.7963,100.9363,5.6994,85.6121,46459.2309,19698494.0,83.8652,0.079,66.8,133.3,137.1,0,0,0
2021-11-01,206.7691,99.7049,5.9783,85.775,44886.2027,19795907.0,80.8905,0.08,67.9,135.4,141.4,0,0,0
2021-12-01,205.9852,98.847,6.0541,85.8,46153.9221,19977955.0,74.6783,0.08,67.7,133.7,140.5,0,0,0
2022-01-01,207.4787,99.6839,5.858,85.9538,44953.1545,19941194.0,85.6224,0.079,68.5,135.7,140.6,0,0,0
2022-02-01,208.2829,100.1143,6.1695,86.0,45949.2762,20046104.0,94.267,0.08,68.4,141.7,145.3,0,1,0
2022-03-01,209.5736,100.8556,6.22,86.0593,44144.7342,20157510.0,112.44,0.201,73.1,160.2,170.1,0,1,0
2022-04-01,211.1009,101.6985,6.2951,86.2298,44017.5319,20518769.0,106.1557,0.33,73.4,158.8,169.7,0,1,0
2022-05-01,209.006,99.8364,7.4187,87.1827,42203.1271,20527993.0,112.1136,0.765,71.1,158.7,173.5,0,1,0
2022-06-01,212.0335,101.7672,7.5626,92.0347,41826.6886,20993525.0,117.6927,1.205,70.3,155.7,166.3,0,1,0
2022-07-01,212.9593,102.1946,7.4832,93.8873,39599.9044,21002324.0,105.2529,1.676,66.6,141.6,147.3,0,1,0
2022-08-01,220.3456,106.155,9.5153,94.9056,39059.4601,21041587.0,97.643,2.33,67.1,138.7,145.6,0,1,0
2022-09-01,224.2786,108.4296,9.0921,95.6154,36505.081,21165221.0,90.6082,2.555,64.8,137.3,147.9,0,1,0
2022-10-01,226.3127,109.5116,8.9109,96.6154,35804.1192,21169669.0,93.7186,3.08,64.4,136.7,152.3,0,1,0
2022-11-01,225.0828,107.8258,8.8571,97.6154,33787.4496,21307714.0,90.9386,3.78,62.5,136.0,150.1,0,1,0
2022-12-01,223.9205,106.6631,8.7071,98.8462,33747.8339,21476846.0,81.5032,4.104,67.6,133.1,147.3,0,1,0
2023-01-01,225.2653,107.4223,8.5727,99.8889,32214.6118,21423455.0,84.0818,4.33,70.0,131.4,147.5,0,1,0
2023-02-01,226.5831,108.2502,8.7862,100.9583,32272.3506,21522110.0,83.6325,4.57,72.6,130.7,146.7,0,1,0
2023-03-01,229.1375,110.0197,9.3351,101.963,31142.3572,21662800.0,79.2565,4.649,69.5,128.0,138.6,0,1,0
2023-04-01,231.7207,111.26,9.7678,102.92,30965.2441,21992903.0,83.536,4.83,76.0,128.4,136.1,0,1,0
2023-05-01,230.9099,109.62,10.48,104.3889,29866.5779,22061446.0,75.7474,5.056,76.1,124.5,129.3,0,1,0
2023-06-01,233.8207,112.25,10.2754,105.8846,24753.8386,22761576.0,74.975,5.076,74.4,123.0,126.6,0,1,0
2023-07-01,234.7147,112.74,10.2158,108.7572,23373.9076,22644772.0,80.109,5.12,72.7,124.4,125.9,0,1,0
2023-08-01,243.3847,120.08,10.4559,109.4578,23250.887,22679580.0,85.1683,5.33,73.8,121.8,125.0,0,1,0
2023-09-01,247.0648,122.47,10.1598,109.97,21063.0955,22678056.0,92.6733,5.33,72.9,121.7,126.3,0,1,0
2023-10-01,249.9964,123.9,10.465,110.4906,20715.3071,22732189.0,88.9477,5.33,69.1,120.7,124.8,0,1,0
2023-11-01,247.6262,120.04,10.0156,110.8808,19293.9083,22798894.0,82.1864,5.33,75.4,120.6,121.0,0,1,0
2023-12-01,246.1708,117.48,9.9367,110.1538,21866.9372,22982993.0,77.541,5.33,76.7,119.1,122.8,0,1,0
2024-01-01,248.6658,118.3,10.388,110.0,19961.5186,22917835.0,79.11,5.33,77.6,117.6,119.9,0,1,0
2024-02-01,249.6846,119.07,10.1956,110.0,20780.4421,23073633.0,81.7957,5.33,76.8,117.4,113.8,0,1,0
2024-03-01,252.8241,121.5,10.3373,110.0,19910.8812,23234228.0,84.9614,5.33,81.0,118.9,110.9,0,1,0
2024-04-01,254.2795,122.63,9.7353,110.0,19973.6682,23323002.0,88.9745,5.33,86.2,119.2,111.6,0,1,0
2024-05-01,253.7389,121.42,9.8865,115.0276,18641.8862,23517932.0,83.0539,5.33,87.2,120.5,118.7,0,1,0
2024-06-01,256.5249,123.94,9.7101,117.938,21686.4256,24112580.0,82.9175,5.33,88.4,121.0,115.2,0,1,0
2024-07-01,262.097,128.64,11.6662,117.9278,20399.7842,24067325.0,84.0487,5.33,88.6,120.9,110.7,0,1,1
2024-08-01,268.9166,133.72,10.4903,118.725,20468.4343,24084954.0,79.0186,5.33,91.1,121.7,110.2,0,1,1
2024-09-01,271.5572,135.21,9.9133,118.8722,19860.438,24166374.0,73.0576,5.13,94.5,124.6,113.6,0,1,0
2024-10-01,277.1916,139.58,10.8782,119.9981,19830.3062,24227064.0,75.2665,4.83,100.2,126.9,114.4,0,1,0
2024-11-01,275.8194,136.61,11.3854,119.3195,18611.3974,24272627.0,73.5086,4.638,102.4,127.7,111.4,0,1,0
2024-12-01,272.9918,132.65,10.8953,119.4358,21394.7957,24392325.0,73.2277,4.475,100.0,127.3,111.4,0,1,0
2025-01-01,273.3868,130.97,9.9415,119.7992,19958.6843,24364556.0,78.1939,4.33,100.7,124.6,111.8,0,1,0
2025-02-01,272.971,130.08,9.3263,122.0,20931.9329,24434080.0,75.193,4.33,110.2,126.6,112.6,0,1,0
2025-03-01,276.4847,132.35,9.3586,122.0,20375.0357,24928599.0,71.7414,4.33,111.2,127.2,109.7,0,1,0
2025-04-01,277.5659,133.21,9.1578,122.0,21998.747,24779596.0,66.9273,4.33,122.0,128.2,110.9,0,1,0
2025-05-01,276.6926,131.85,9.0462,122.3388,20520.9533,25088558.0,64.0927,4.33,128.1,127.1,109.0,0,1,0
2025-06-01,278.2936,133.1,8.486,122.8723,26739.9691,25565302.0,69.8467,4.33,128.9,128.1,107.3,0,1,0
2025-07-01,284.4894,138.36,8.5436,121.9637,24766.447,25500915.0,69.5648,4.33,128.9,129.8,106.5,0,1,0
2025-08-01,291.2051,143.88,8.2882,121.7187,26173.8305,25648056.0,67.2443,4.33,128.0,130.0,105.6,0,1,0
2025-09-01,294.2614,145.54,8.3608,121.7415,26606.5236,25730523.0,67.6091,4.225,135.7,128.6,104.8,0,1,0
2025-10-01,299.8335,149.46,8.1683,122.0045,27543.2432,25799333.0,63.9813,4.088,156.4,126.4,103.8,0,1,0
2025-11-01,298.6692,146.66,8.2843,122.319,26395.7192,26065160.0,63.6935,3.876,155.7,125.2,105.6,0,1,0
2025-12-01,296.1534,142.88,8.4844,122.2924,28562.6515,26371768.0,61.8109,3.721,161.0,124.5,107.2,0,1,0
2026-01-01,296.8396,141.84,8.5786,122.324,28678.5619,26354435.0,64.5941,3.64,171.6,124.1,107.5,0,1,0
2026-02-01,297.8999,142.18,9.1325,122.3025,30359.5423,26652989.0,69.4095,3.64,186.6,125.5,108.7,0,1,0
2026-03-01,300.5612,143.25,8.7081,122.6244,29413.3947,27171687.0,99.405,3.64,182.6,128.7,110.4,0,1,0
2026-04-01,302.6612,144.39,9.0412,122.7404,30455.3467,27193669.0,102.8136,3.64,177.2,131.0,111.3,0,1,0
2026-05-01,302.7443,143.79,9.4154,122.75,29855.1918,,106.2962,3.628,178.6,130.8,114.2,0,1,0
