Date,CPI_General_NationalBase,CPI_General_2010base,Inflation_YoY_pct,CPI_Food_NationalBase
2000-01-01,,53.5541,,
2000-02-01,,53.2376,,
2000-03-01,,53.3055,,
2000-04-01,,53.3733,,
2000-05-01,,53.3507,,
2000-06-01,,53.4637,,
2000-07-01,,53.5993,,
2000-08-01,,53.6898,,
2000-09-01,,53.8254,,
2000-10-01,,53.9836,,
2000-11-01,,54.6166,,
2000-12-01,,54.6166,,
2001-01-01,,54.707,,
2001-02-01,,54.0515,,
2001-03-01,,54.0967,,
2001-04-01,,54.2323,,
2001-05-01,,54.4358,,
2001-06-01,,54.6166,,
2001-07-01,,54.7749,,
2001-08-01,,54.8879,,
2001-09-01,,55.0235,,
2001-10-01,,55.1592,,
2001-11-01,,55.2948,,
2001-12-01,,55.8148,,
2002-01-01,,55.9956,,
2002-02-01,,55.6339,,
2002-03-01,,55.7017,,
2002-04-01,,55.8374,,
2002-05-01,,56.0408,,
2002-06-01,,55.9504,,
2002-07-01,,56.6964,,
2002-08-01,,57.2389,,
2002-09-01,,57.3068,,
2002-10-01,,57.3972,,
2002-11-01,,57.5328,,
2002-12-01,,57.9397,,
2003-01-01,,57.6117,,
2003-02-01,,57.7899,,
2003-03-01,,57.8723,,
2003-04-01,,57.9659,,
2003-05-01,,58.2132,,
2003-06-01,,58.4048,,
2003-07-01,,60.4826,,
2003-08-01,,60.9722,,
2003-09-01,,61.4056,,
2003-10-01,,61.8432,,
2003-11-01,,62.2722,,
2003-12-01,,62.5928,,
2004-01-01,,62.7878,,
2004-02-01,,62.8615,,
2004-03-01,,63.0175,,
2004-04-01,,63.1302,,
2004-05-01,,63.3512,,
2004-06-01,,63.5548,,
2004-07-01,,63.8971,,
2004-08-01,,64.3348,,
2004-09-01,,65.9164,,
2004-10-01,,66.744,,
2004-11-01,,66.2327,,
2004-12-01,,66.0377,,
2005-01-01,,66.2544,,
2005-02-01,,66.8697,,
2005-03-01,,67.251,,
2005-04-01,,67.3073,,
2005-05-01,,67.7233,,
2005-06-01,,68.226,,
2005-07-01,,68.8066,,
2005-08-01,,69.4393,,
2005-09-01,,70.5399,,
2005-10-01,,71.6015,,
2005-11-01,,71.4975,,
2005-12-01,,70.7046,,
2006-01-01,,70.6179,,
2006-02-01,,70.6916,,
2006-03-01,,71.4022,,
2006-04-01,,72.3252,,
2006-05-01,,72.8798,,
2006-06-01,,73.3695,,
2006-07-01,,73.4648,,
2006-08-01,,74.0714,,
2006-09-01,,75.3974,,
2006-10-01,,76.836,,
2006-11-01,,76.0517,,
2006-12-01,,75.0421,,
2007-01-01,,74.8124,,
2007-02-01,,75.8394,,
2007-03-01,,76.706,,
2007-04-01,,78.3136,,
2007-05-01,,78.747,,
2007-06-01,,80.1162,,
2007-07-01,,80.8832,,
2007-08-01,,81.5679,,
2007-09-01,,82.6338,,
2007-10-01,,84.5621,,
2007-11-01,,84.5794,,
2007-12-01,,83.7388,,
2008-01-01,,83.3661,,
2008-02-01,,83.5481,,
2008-03-01,,84.4234,,
2008-04-01,,84.3108,,
2008-05-01,,84.6054,,
2008-06-01,,88.1586,,
2008-07-01,,89.6362,,
2008-08-01,,89.8139,,
2008-09-01,,91.0575,,
2008-10-01,,90.6979,,
2008-11-01,,89.7576,,
2008-12-01,,88.7869,,
2009-01-01,,88.4143,,
2009-02-01,,88.4056,,
2009-03-01,,88.6786,,
2009-04-01,,88.8259,,
2009-05-01,,89.1683,,
2009-06-01,,90.1389,,
2009-07-01,,92.7345,,
2009-08-01,,94.0258,,
2009-09-01,,95.2434,,
2009-10-01,,96.786,,
2009-11-01,,96.2574,,
2009-12-01,,96.3397,,
2010-01-01,46.3466,96.3613,,
2010-02-01,46.3716,96.4133,,
2010-03-01,46.3946,96.461,,
2010-04-01,46.3695,96.409,,
2010-05-01,46.5988,96.8857,,
2010-06-01,47.124,97.9776,,
2010-07-01,47.8422,99.4709,,46.8883
2010-08-01,48.753,101.3646,,48.2306
2010-09-01,49.3235,102.5507,,49.0217
2010-10-01,50.1431,104.2547,,50.206
2010-11-01,50.4663,104.9267,,50.6372
2010-12-01,51.4271,106.9243,,51.9302
2011-01-01,51.7549,107.6059,11.6692,52.2445
2011-02-01,52.0794,108.2806,12.3088,52.5733
2011-03-01,52.2911,108.7208,12.7096,52.8011
2011-04-01,52.2659,108.6684,12.716,52.6687
2011-05-01,51.9387,107.9881,11.4594,51.8818
2011-06-01,52.4519,109.0552,11.3062,52.3792
2011-07-01,53.5092,111.2534,11.8451,53.7883
2011-08-01,54.624,113.5711,12.0422,54.9236
2011-09-01,55.5677,115.5332,12.6596,56.3067
2011-10-01,55.6534,115.7115,10.9893,56.2949
2011-11-01,55.4497,115.288,9.8748,55.7002
2011-12-01,55.3428,115.0656,7.6141,55.1826
2012-01-01,56.1952,116.8379,8.5795,55.8829
2012-02-01,55.6935,115.7948,6.9395,54.7405
2012-03-01,55.826,116.0703,6.76,54.7222
2012-04-01,55.5259,115.4465,6.2374,54.146
2012-05-01,55.0585,114.4745,6.0066,53.282
2012-06-01,55.3613,115.1041,5.5467,53.7218
2012-07-01,56.2944,117.0442,5.205,54.9878
2012-08-01,57.3376,119.2132,4.9678,56.1597
2012-09-01,58.3235,121.263,4.9594,57.2917
2012-10-01,58.9147,122.4923,5.8601,57.7073
2012-11-01,59.0805,122.837,6.5479,57.8957
2012-12-01,59.2918,123.2762,7.1356,58.0959
2013-01-01,59.9126,124.567,6.6152,58.6907
2013-02-01,60.0621,124.8778,7.8441,58.8162
2013-03-01,60.1336,125.0265,7.7162,58.8282
2013-04-01,60.1726,125.1076,8.3685,58.8431
2013-05-01,59.451,123.6073,7.978,57.6117
2013-06-01,59.8183,124.371,8.0508,58.1587
2013-07-01,60.7122,126.2294,7.8476,59.4648
2013-08-01,61.5735,128.0202,7.3876,60.7023
2013-09-01,62.4836,129.9124,7.1328,61.8351
2013-10-01,63.0589,131.1085,7.0341,62.5434
2013-11-01,63.3026,131.6154,7.1464,62.8393
2013-12-01,63.6472,132.3317,7.3457,63.3265
2014-01-01,64.4045,133.9063,7.4974,63.8586
2014-02-01,64.5312,134.1698,7.4409,64.014
2014-03-01,64.6288,134.3726,7.4753,64.0977
2014-04-01,64.658,134.4334,7.4542,64.1126
2014-05-01,63.9007,132.8588,7.4846,62.8483
2014-06-01,63.9852,133.0345,6.9659,62.8124
2014-07-01,64.9863,135.1159,7.04,64.1844
2014-08-01,65.8281,136.8662,6.9098,65.356
2014-09-01,66.7577,138.7989,6.8404,66.5516
2014-10-01,67.2192,139.7585,6.5976,67.0209
2014-11-01,67.2355,139.7923,6.2128,66.8953
2014-12-01,67.5345,140.4141,6.1076,67.0388
2015-01-01,68.2951,141.9954,6.0409,67.7322
2015-02-01,68.4966,142.4144,6.1449,67.9235
2015-03-01,68.6819,142.7996,6.2714,68.1836
2015-04-01,68.7469,142.9347,6.3238,68.2643
2015-05-01,67.8563,141.0831,6.1902,66.7608
2015-06-01,67.9863,141.3534,6.2532,66.7818
2015-07-01,69.1174,143.7051,6.3569,68.0819
2015-08-01,69.891,145.3135,6.1719,69.3164
2015-09-01,70.9246,147.4625,6.2418,70.494
2015-10-01,71.3829,148.4153,6.1941,70.9693
2015-11-01,71.3048,148.2531,6.0524,70.7212
2015-12-01,71.6526,148.9762,6.0978,70.7092
2016-01-01,72.4392,150.6116,6.068,70.6644
2016-02-01,72.3449,150.4156,5.6183,70.4821
2016-03-01,72.5627,150.8684,5.6505,70.8347
2016-04-01,72.6017,150.9495,5.6073,70.8826
2016-05-01,71.5551,148.7735,5.451,69.3014
2016-06-01,71.7469,149.1722,5.5314,69.6033
2016-07-01,72.8487,151.4631,5.3985,71.044
2016-08-01,73.6418,153.112,5.3667,72.2993
2016-09-01,74.8444,155.6124,5.5268,74.0897
2016-10-01,75.358,156.6801,5.5687,74.9146
2016-11-01,75.1402,156.2274,5.3788,74.547
2016-12-01,75.2539,156.4639,5.0261,74.5111
2017-01-01,76.1673,158.3628,5.1465,75.2793
2017-02-01,76.1868,158.4034,5.3105,75.3002
2017-03-01,76.4761,159.0048,5.3931,75.7157
2017-04-01,76.5703,159.2008,5.4663,75.7994
2017-05-01,75.6765,157.3424,5.7597,74.4065
2017-06-01,76.0113,158.0385,5.9436,74.828
2017-07-01,76.9051,159.8969,5.5682,75.9787
2017-08-01,77.9809,162.1337,5.8922,77.5927
2017-09-01,79.4241,165.1342,6.1189,79.9181
2017-10-01,79.9116,166.1478,6.0427,80.6205
2017-11-01,79.5833,165.4653,5.9131,79.8344
2017-12-01,79.6418,165.5869,5.8308,79.8225
2018-01-01,80.6494,167.6819,5.8846,81.0151
2018-02-01,80.5454,167.4656,5.721,80.7759
2018-03-01,80.8184,168.0333,5.6781,81.0808
2018-04-01,80.8834,168.1684,5.6329,81.1256
2018-05-01,79.8921,166.1073,5.5706,79.2875
2018-06-01,80.2236,166.7966,5.5418,79.3054
2018-07-01,81.1435,168.7091,5.5112,80.6743
2018-08-01,82.2551,171.0202,5.481,82.2226
2018-09-01,83.7274,174.0815,5.4182,84.2461
2018-10-01,84.2247,175.1155,5.3974,84.7183
2018-11-01,83.8575,174.3518,5.3706,84.0488
2018-12-01,83.8997,174.4397,5.3463,84.0488
2019-01-01,85.0211,176.7711,5.4205,85.3341
2019-02-01,84.9496,176.6225,5.4679,85.1727
2019-03-01,85.3038,177.3591,5.55,85.7167
2019-04-01,85.3948,177.5483,5.5777,85.621
2019-05-01,84.3873,175.4534,5.6265,83.6393
2019-06-01,84.6505,176.0008,5.5182,83.5855
2019-07-01,85.7069,178.197,5.6239,85.0471
2019-08-01,86.7697,180.4069,5.4886,86.5595
2019-09-01,88.3754,183.7452,5.5512,88.7146
2019-10-01,88.8304,184.6913,5.4683,89.3661
2019-11-01,88.9279,184.894,6.0465,89.4468
2019-12-01,88.7231,184.4683,5.749,88.9776
2020-01-01,89.76,186.624,5.5738,89.7009
2020-02-01,89.5877,186.2659,5.4599,89.408
2020-03-01,89.9778,187.0768,5.4791,89.8892
2020-04-01,90.4848,188.131,5.9605,90.6813
2020-05-01,88.9052,184.8467,5.3538,87.8986
2020-06-01,89.747,186.597,6.0206,89.0553
2020-07-01,90.4458,188.0499,5.5292,89.8922
2020-08-01,91.6939,190.645,5.675,91.8201
2020-09-01,93.6473,194.7064,5.9654,94.4832
2020-10-01,94.5542,196.5918,6.4435,95.9268
2020-11-01,93.8391,195.1051,5.5227,94.5729
2020-12-01,93.4166,194.2266,5.29,93.73
2021-01-01,94.2681,195.9971,5.0225,94.3935
2021-02-01,94.3559,196.1796,5.3224,94.256
2021-03-01,94.8954,197.3014,5.4654,94.8449
2021-04-01,95.5195,198.5989,5.5641,95.7296
2021-05-01,93.5823,194.5712,5.2608,92.1817
2021-06-01,94.8109,197.1257,5.6425,93.9093
2021-07-01,95.2952,198.1326,5.3617,94.4563
2021-08-01,96.7709,201.2007,5.5368,96.5545
2021-09-01,98.8803,205.5865,5.5879,99.406
2021-10-01,99.9431,207.7963,5.6994,100.9363
2021-11-01,99.4491,206.7691,5.9783,99.7049
2021-12-01,99.0721,205.9852,6.0541,98.847
2022-01-01,99.7904,207.4787,5.858,99.6839
2022-02-01,100.1772,208.2829,6.1695,100.1143
2022-03-01,100.798,209.5736,6.22,100.8556
2022-04-01,101.5325,211.1009,6.2951,101.6985
2022-05-01,100.5249,209.006,7.4187,99.8364
2022-06-01,101.9811,212.0335,7.5626,101.7672
2022-07-01,102.4264,212.9593,7.4832,102.1946
2022-08-01,105.9789,220.3456,9.5153,106.155
2022-09-01,107.8706,224.2786,9.0921,108.4296
2022-10-01,108.8489,226.3127,8.9109,109.5116
2022-11-01,108.2574,225.0828,8.8571,107.8258
2022-12-01,107.6983,223.9205,8.7071,106.6631
2023-01-01,108.3451,225.2653,8.5727,107.4223
2023-02-01,108.9789,226.5831,8.7862,108.2502
2023-03-01,110.2076,229.1375,9.3351,110.0197
2023-04-01,111.45,231.7207,9.7678,111.26
2023-05-01,111.06,230.9099,10.48,109.62
2023-06-01,112.46,233.8207,10.2754,112.25
2023-07-01,112.89,234.7147,10.2158,112.74
2023-08-01,117.06,243.3847,10.4559,120.08
2023-09-01,118.83,247.0648,10.1598,122.47
2023-10-01,120.24,249.9964,10.465,123.9
2023-11-01,119.1,247.6262,10.0156,120.04
2023-12-01,118.4,246.1708,9.9367,117.48
2024-01-01,119.6,248.6658,10.388,118.3
2024-02-01,120.09,249.6846,10.1956,119.07
2024-03-01,121.6,252.8241,10.3373,121.5
2024-04-01,122.3,254.2795,9.7353,122.63
2024-05-01,122.04,253.7389,9.8865,121.42
2024-06-01,123.38,256.5249,9.7101,123.94
2024-07-01,126.06,262.097,11.6662,128.64
2024-08-01,129.34,268.9166,10.4903,133.72
2024-09-01,130.61,271.5572,9.9133,135.21
2024-10-01,133.32,277.1916,10.8782,139.58
2024-11-01,132.66,275.8194,11.3854,136.61
2024-12-01,131.3,272.9918,10.8953,132.65
2025-01-01,131.49,273.3868,9.9415,130.97
2025-02-01,131.29,272.971,9.3263,130.08
2025-03-01,132.98,276.4847,9.3586,132.35
2025-04-01,133.5,277.5659,9.1578,133.21
2025-05-01,133.08,276.6926,9.0462,131.85
2025-06-01,133.85,278.2936,8.486,133.1
2025-07-01,136.83,284.4894,8.5436,138.36
2025-08-01,140.06,291.2051,8.2882,143.88
2025-09-01,141.53,294.2614,8.3608,145.54
2025-10-01,144.21,299.8335,8.1683,149.46
2025-11-01,143.65,298.6692,8.2843,146.66
2025-12-01,142.44,296.1534,8.4844,142.88
2026-01-01,142.77,296.8396,8.5786,141.84
2026-02-01,143.28,297.8999,9.1325,142.18
2026-03-01,144.56,300.5612,8.7081,143.25
2026-04-01,145.57,302.6612,9.0412,144.39
2026-05-01,145.61,302.7443,9.4154,143.79
